SMILES,Count,tanimoto_similarity_semaglutide,ec50_gip,ec50_glp1r,ec50_gcgr
Cc1n[nH]c2c(C)cc(C(=O)Nc3ccc4c(c3)nc(CN3CCC(c5cccc(OCc6ccc(Cl)cc6)n5)CC3)n4C[C@@H]3CCO3)cc12,86,0.5312679288582903,12.183585733185165,0.6486085520729458,1.5888396670743887
Cc1n[nH]c2c(F)cc(C(=O)Nc3ccc4c(c3)nc(CN3CCC(c5cccc(OCc6ccc(Cl)cc6)n5)CC3)n4C[C@@H]3CCO3)cc12,86,0.5331444759206799,12.418436050521159,0.5686349952210852,2.3496869259451807
Cc1n[nH]c2c(F)cc(C(=O)Nc3ccc4c(c3)nc(CN3CCC(c5cccc(OCc6ccc(Cl)cc6F)n5)CC3)n4C[C@@H]3CCO3)cc12,26,0.5396736072031514,14.179140140891956,0.5230945369987139,2.115602093688301
Cc1n[nH]c2c(C)cc(C(=O)Nc3ccc4c(c3)nc(CN3CCC(c5cccc(OCc6ccc(Cl)cc6F)n5)CC3)n4C[C@@H]3CCO3)cc12,20,0.5371525808281339,14.16642061380364,0.6736735763070621,1.4811663714567338
Cc1n[nH]c2c(F)cc(C(=O)Nc3ccc4c(c3)nc(CN3CCC(c5cccc(OCCc6ccc(Cl)cc6F)n5)CC3)n4C[C@@H]3CCO3)cc12,18,0.5368598761958356,14.196919638606923,0.5195373795647178,1.7175793668525778
Cc1n[nH]c2c(C)cc(C(=O)Nc3ccc4c(c3)nc(CN3CC=C(c5cccc(OCc6ccc(Cl)cc6)n5)CC3)n4C[C@@H]3CCO3)cc12,14,0.5403271291596164,15.999918138889345,0.5388923550484942,1.5747801664887142
Cc1n[nH]c2c(C)cc(C(=O)Nc3ccc4c(c3)nc(CN3CCC(c5ccc(Cl)cc5F)CC3)n4C[C@@H]3CCO3)cc12,14,0.5078534031413613,14.821739399048463,0.6656132239125857,1.2179078834230432
Cc1n[nH]c2c(F)cc(C(=O)Nc3ccc4nc(CN5CCC(c6cccc(OCc7ccc(Cl)cc7)n6)CC5)n(C[C@@H]5CCO5)c4c3)cc12,14,0.5361990950226244,12.456261401265081,1.0901452310437785,5.8518927385516655
Cc1n[nH]c2c(F)cc(C(=O)Nc3ccc4c(c3)nc(CN3CC=C(c5ccc(C[C@@H]6CCO6)cc5)CC3)n4C[C@@H]3CCO3)cc12,12,0.5194508009153318,16.468892032082167,0.3994689510707103,1.7301871949266368
Cc1n[nH]c2c(F)cc(C(=O)Nc3ccc4c(c3)nc3n4CCC(c4cccc(OCc5ccc(Cl)cc5)n4)CCN(C[C@@H]4CCO4)C3)cc12,12,0.5356942102304666,12.418436050521159,0.6779349046584692,2.3496869259451807
Cc1n[nH]c2c(F)cc(C(=O)Nc3ccc4c(c3)nc(CN3CC=C(c5cccc(OCc6ccc(Cl)cc6)n5)CC3)n4C[C@@H]3CCO3)cc12,12,0.5426183844011142,16.20929467248148,0.43808126933670627,2.366934716272603
Cc1n[nH]c2c(C)cc(C(=O)Nc3ccc4c(c3)nc(CN3CC=C(c5ccc(C[C@@H]6CCO6)cc5)CC3)n4C[C@@H]3CCO3)cc12,10,0.5156976744186047,16.195883487109384,0.4985387954553847,1.036149543415185
Cc1n[nH]c2c(F)cc(C(=O)Nc3ccc4c(c3)nc(CN3CC=C(c5ccc(Cc6nc7cc(C(=O)O)ccc7n6C[C@@H]6CCO6)cc5)CC3)n4C[C@@H]3CCO3)cc12,10,0.5353760445682452,16.3001037472234,0.723523408543859,1.7301871949266368
CCCCCCCCCCCCCCCCCCCCCCCCCCCCCCCCCCCCCCCCCCCCCCCCCCCCCCCCCCCCCCCCCCCCCCCCCCCCCCCCCCCCCCCCCCCCCCCCCCCCCCCCCCCCCCCCCCCCCCCCCCCCCCCCCCCCCCCCCCCCCCCCCCCCCCCCCCCCCCCCC=O,8,0.02287581699346405,4.493067921197103,21.108624842136177,1.259385202231588
Cc1n[nH]c2c(F)cc(NC(=O)c3ccc4c(c3)nc(CN3CCC(c5cccc(OCc6ccc(Cl)cc6)n5)CC3)n4C[C@@H]3CCO3)cc12,8,0.5366685616827743,12.586883244825575,0.9378966482996152,2.371503301962721
Cc1n[nH]c2c(C)cc(C(=O)Nc3ccc4c(c3)nc(CN3CCC(c5cccc(Oc6ccc(Cl)cc6F)n5)CC3)n4C[C@@H]3CCO3)cc12,8,0.5354509359047079,15.008599676312873,0.6628653303440513,1.0624279309204403
Cc1n[nH]c2c(C)cc(C(=O)Nc3ccc4c(c3)nc(CN3CCC(c5ccc6c(c5)O[C](c5ccc(Cl)cc5F)O6)CC3)n4C[C@@H]3CCO3)cc12,8,0.5381571509327303,14.464495141990483,0.6914742183736087,1.4684189410386295
Cc1n[nH]c2c(C)cc(C(=O)Nc3ccc4c(c3)nc(CN3CCC(c5cccc(OCCc6ccc(Cl)cc6F)n5)CC3)n4C[C@@H]3CCO3)cc12,8,0.5345413363533409,14.184184162257901,0.6628330259373566,1.1037566172994486
Cc1n[nH]c2c(C)cc(C(=O)Nc3ccc4c(c3)nc(CN3CCC(c5cccc(Oc6ccc(Cl)cc6)c5)CC3)n4C[C@@H]3CCO3)cc12,6,0.5098837209302326,16.696275165482483,0.5820939833718952,1.2688253292305631
Cc1n[nH]c2c(F)cc(C(=O)Nc3ccc4nc(CN5CCC(c6cccc(OCc7ccc(Cl)cc7F)n6)CC5)n(C[C@@H]5CCO5)c4c3)cc12,6,0.5421348314606742,14.22232842538242,1.1547110546219754,5.500234156837881
Cc1n[nH]c2c(F)cc(C(=O)Nc3ccc4c(c3)nc(CN3CCC(c5cccc(OCCc6ccc(Cl)c(F)c6)n5)CC3)n4C[C@@H]3CCO3)cc12,6,0.5391990975747321,13.091321018173279,0.6679862416328626,1.7069791226270774
Cc1n[nH]c2c(C)cc(C(=O)Nc3ccc4c(c3)nc(CN3CCC(c5cccc(OCc6ccc(Cl)cc6)c5)CC3)n4C[C@@H]3CCO3)cc12,6,0.5194880744618965,12.89955964188937,0.643193644860982,1.7531585547904902
Cc1n[nH]c2c(F)cc(C(=O)Nc3ccc4c(c3)nc3n4CCC(c4cccc(OCCc5ccc(Cl)cc5F)n4)CCN(C[C@@H]4CCO4)C3)cc12,6,0.5405254332029067,14.196919638606923,0.6426911367976852,1.7175793668525778
Cc1n[nH]c2c(F)cc(C(=O)Nc3ccc4c(c3)nc3n4CCC(c4cccc(OCc5ccc(Cl)cc5)n4)=CCN(C[C@@H]4CCO4)C3)cc12,6,0.537272225289895,16.20929467248148,0.6099005571056727,2.3406900421516452
Cc1n[nH]c2c(C)cc(C(=O)Nc3ccc4c(c3)nc3n4CCC(c4cccc(OCc5ccc(Cl)cc5)n4)CCN(C[C@@H]4CCO4)C3)cc12,6,0.5330672748004561,12.183585733185165,0.8108720766405435,1.5888396670743887
O=C(O)Cc1ccc2c(c1)nc(CN1CCC(c3cccc(OCc4ccc(Cl)cc4F)n3)CC1)n2C[C@@H]1CCO1,4,0.5,12.84480707331093,18.4620490032359,1.6295654695577908
CCCCCCCCCCCCCCCCCCCCCCCCCCCCCCCCCCCCCCCCCCCCCCCCCCCCCCCCCCCCCCCCCCCCCCCCCCCCCCCCCCCCCCCCCCCCCCCCCCCCCCCCCCCCCCCCCCCCCCCCCCCCCCCCCCCCCCCCCCCC=O,4,0.02287581699346405,4.493067921197103,21.108624842136177,1.259385202231588
CCCCCCCCCCCCCCCCCCCCCCCCCCCCCCCCCCCCCCCCCCCCCCCCCCCCCCCCCCCCCCCCCCCCCCCCCCCCCCCCCCCCCCCCCCCCCCCCCCCCCCCCCCCCCCCCCCCCCCCCCCCCCCCCCCCCCCCCCCCCCCCCCCCCCCCCCCCCCCCC=O,4,0.02287581699346405,4.493067921197103,21.108624842136177,1.259385202231588
O=C(O)c1ccc2c(c1)nc(CN1CCC(c3ccc(Cl)cc3F)CC1)n2C[C@@H]1CCO1,4,0.4491315136476427,14.89969832742014,15.946847694003587,1.2179078834230432
Cc1n[nH]c2c(F)cc(C(=O)Nc3ccc4c(c3)nc(CN3CC=C(c5ccc(Cc6ccc(Cl)cc6F)cc5)CC3)n4C[C@@H]3CCO3)cc12,4,0.5269733106189665,16.370003931216154,0.4201081927850072,1.7301871949266368
O=C(O)c1ccc2c(c1)nc(Cc1ccc(C3CCN(Cc4nc5nc(C(=O)O)ccc5n4C[C@@H]4CCO4)CC3)cc1)n2C[C@@H]1CCO1,4,0.5008675534991325,13.142134328790373,8.171812477325918,1.2690861785774594
O=C(O)Cc1ccc2c(c1)nc(CN1CCC(c3cccc(OCc4c(F)cc(Cl)cc4F)n3)CC1)n2C[C@@H]1CCO1,4,0.5023980815347722,12.210289019630173,13.895268821737307,1.665122411442758
O=C(Nc1ccc2nc(CN3CCC(c4cccc(OCc5ccc(Cl)cc5F)n4)CC3)n(C[C@@H]3CCO3)c2c1)C1=CC=C1,4,0.5075845974329055,14.066451232528136,19.782796776491082,4.049125564703838
Cc1n[nH]c2c(F)cc(NC(=O)c3ccc4c(c3)nc(CN3CCC(c5cccc(OCCc6ccc(Cl)cc6F)n5)CC3)n4C[C@@H]3CCO3)cc12,4,0.5428410372040586,14.389490689515409,1.1498252236885929,1.7335267498394207
O=C(O)c1ccc2c(c1)nc(CN1CCC(c3cccc(OCc4ccccc4)n3)CC1)n2C[C@@H]1CCO1,4,0.47413268411442483,13.426272883469299,10.146044724852148,1.609073362214503
CCCCCCCCCCCCCCCCCCCCCCCCCCCCCCCCCCCCCCCCCCCCCCCCCCCCCCCCCCCCCCCCCCCCCCCCCCCCCCCCCCCCCCCCCCCCCCCCCCCCCCCCCCCCCCCCCCCCCCCCCCCCCCCCCCCCCCCCCCCCCCCCCC=O,4,0.02287581699346405,4.493067921197103,21.108624842136177,1.259385202231588
Cc1n[nH]c2c(C)cc(C(=O)Nc3ccc4c(c3)nc(CN3CCC(c5cccc(C[C@@H]6CCO6)c5)CC3)n4C[C@@H]3CCO3)cc12,4,0.5073313782991202,14.94512224914068,0.5535025881582057,1.1333653958121075
Cc1cc(C2=C(Cc3ccc(S(N)(=O)=O)c(F)c3)C(CF)=C2Cc2ccc(S(N)(=O)=O)c(F)c2)ccc1F,4,0.37538844002486016,8.80404033373953,0.7407843265095932,77.21848144174173
O=C(O)c1ccc2c(c1)nc(CN(CC=C1CCc3ccc1cc3)C[C@@H]1CCO1)n2C[C@@H]1CCO1,4,0.450609756097561,12.601370009426413,7.617064298918346,1.8515044843031478
O=CCCCCCCCCCCCCCCCCCCCCCCCCCCCCCCCCCCCCCCCCCCCCCCCCCCCCCCCCCCCCCCCCCCCCCCCCCCCCCCCCCCCCCCCCCCCCCCCCCCCCCCCCCCCCCCCCCCCCCCCCCCCCCC(=O)O,4,0.04411764705882353,5.568558861947836,25.59258923735075,1.2793578556925773
CCCCCCCCCCCCCCCCCCCCCCCCCCCCCCCCCCCCCCCCCCCCCCCCCCCCCCCCCCCCCCCCCCCCCCCCCCCCCCCCCCCCCCCCCCCCCCCCCCCCCCCCCCCCCCCCCCCCCCCCCCCCCCCCCCCCCCCCCCCCCCCCCCC=O,4,0.02287581699346405,4.493067921197103,21.108624842136177,1.259385202231588
Fc1cc(Cl)ccc1COc1cccc(C2CCN(Cc3nc4cc(NCCl)ccc4n3C[C@@H]3CCO3)CC2)n1,4,0.4812611540749554,14.126075420018804,21.96171830236124,1.5835011873255271
O=C(O)c1ccc2c(n1)nc(CN1CCC(Cc3ccc(Cl)cc3F)CC1)n2C[C@@H]1CCO1,4,0.4793783622235505,14.760403195812472,4.15952984924913,1.2178578298524252
Fc1cc(Cl)ccc1COc1cccc(C2CCN(Cc3nc4cc(NCC[C@@H]5CCO5)ccc4n3C[C@@H]3CCO3)CC2)n1,4,0.49023090586145646,14.908866421388709,20.767780016477136,1.6408263630755586
Cc1n[nH]c2cc(C(=O)Nc3ccc4c(c3)nc(CN3CCC(c5ccc(C[C@@H]6CCO6)cc5)CC3)n4C[C@@H]3CCO3)cc(F)c12,4,0.5060518731988473,13.839248728350576,0.9960937823975105,1.2179078834230432
Cc1n[nH]c2c(F)cc(C(=O)Nc3ccc4c(c3)nc3n4CCC(c4cccc(OCc5ccc(Cl)cc5F)n4)CCN(C[C@@H]4CCO4)C3)cc12,4,0.5421081985499163,14.179140140891956,0.6437869688834696,2.115602093688301
O=C(Nc1ccc2nc(CN3CCC(c4cccc(OCc5ccc(Cl)cc5F)n4)CC3)n(C[C@@H]3CCO3)c2c1)c1ccc(Cl)cc1,4,0.502633118782914,14.401887975407902,23.35076764069823,4.308007225495421
Cc1n[nH]c2c(C)cc(C(=O)Nc3ccc4c(c3)nc(CN3CCC(c5cccc(OCc6ccc(C#N)cc6)n5)CC3)n4C[C@@H]3CCO3)cc12,4,0.5324526134405514,11.722281014711005,0.5408918479663696,1.435585734319302
O=C(Nc1ccc2nc(CN3CCC(c4cccc(OCc5ccc(Cl)cc5F)n4)CC3)n(C[C@@H]3CCO3)c2c1)c1ccc(Cl)cc1F,4,0.5069767441860465,14.066451232528136,21.065177879028752,4.049125564703838
Cc1n[nH]c2c(C)cc(C(=O)Nc3ccc4c(c3)nc(CN3CCC(c5nc6cc(C(=O)O)ccc6n5C[C@@H]5CCO5)CC3)n4C[C@@H]3CCO3)cc12,4,0.516,14.494340133110512,0.9677719075212626,1.1762906909268975
Cc1n[nH]c2c(F)cc(C(=O)Nc3ccc4c(c3)nc(CN3CC=C(c5cccc(OCc6ccc(Cl)cc6F)n5)CC3)n4C[C@@H]3CCO3)cc12,4,0.5482261640798226,18.31462148024159,0.40892771842674774,2.131131592927232
Cc1n[nH]c2c(C)cc(C(=O)Nc3ccc4c(c3)nc(CN3CC=C(c5cccc(OCc6ccc(Cl)cc6F)n5)CC3)n4C[C@@H]3CCO3)cc12,4,0.5458100558659218,18.368710783499548,0.5433330406980584,1.4680596622660433
NS(=O)(=O)c1ccc(Cc2c(Cc3ccc(S(N)(=O)=O)c(F)c3)nn(-c3nc(C(=O)O)cs3)c2CC2CC2)cc1,4,0.47282913165266105,10.090578409501417,0.3260682280580419,1.2515916555337125
Cc1n[nH]c2c(F)cc(C(=O)Nc3ccc4c(c3)nc(CN3CCC(c5cccc(OCCc6ccc(C#N)cc6F)n5)CC3)n4C[C@@H]3CCO3)cc12,4,0.5368598761958356,13.98511404581063,0.42833895766262653,1.7175793668525778
NS(=O)(=O)c1ccc(Cc2ccc(-c3nn(-c4nc(C(=O)O)cs4)c(CC4CC4)c3Cc3ccc(S(N)(=O)=O)c(F)c3)cc2)cc1,4,0.4967105263157895,10.125626920140276,0.11988339895057089,1.2515916555337125
Cc1n[nH]c2c(F)cc(NC(=O)c3ccc4nc(CN5CCC(c6cccc(OCc7ccc(Cl)cc7F)n6)CC5)n(CCC5CCO5)c4c3)cc12,4,0.5340845070422535,14.415244128292624,2.4021564958167927,5.376659429722699
O=C(Nc1ccc2c(c1)nc(CN1CC=C(c3cccc(OCc4ccc(Cl)cc4F)n3)CC1)n2C[C@@H]1CCO1)c1ccc2c(c1)N=C(OCc1ccc(Cl)cc1F)C=CC=C1CCC(=N2)CN2CC=C1CC2,4,0.5588235294117647,16.062576928728394,16.200344463323066,65.60846164288255
Cc1n[nH]c2c(F)cc(C(=O)Nc3ccc4c(c3)nc(CN3CCC(c5cccc(Oc6ccc(Cl)cc6F)n5)CC3)n4C[C@@H]3CCO3)cc12,4,0.5389792484576557,15.022075366139166,0.5216516380837918,1.6532669107629512
Cc1n[nH]c2c(C)cc(C(=O)Nc3ccc4c(c3)nc(CN3CCC(c5cccc(OCc6ccc(-c7ccc(Cl)cc7F)cc6)n5)CC3)n4C[C@@H]3CCO3)cc12,4,0.5403271291596164,12.80260882957379,0.7243653973935549,1.4811663714567338
Cc1n[nH]c2c(F)cc(C(=O)Nc3ccc4nc(CN5CC=C(c6cccc(OCc7ccc(Cl)cc7)n6)CC5)n(C[C@@H]5CCO5)c4c3)cc12,4,0.5462138084632516,16.258666610606692,0.9469658403201249,5.355829736317208
Cc1n[nH]c2c(F)cc(NC(=O)c3ccc4c(c3)nc(CCN3CCC(c5cccc(OCc6ccc(Cl)cc6F)n5)CC3)n4C[C@@H]3CCO3)cc12,4,0.5356942102304666,14.371470025642807,1.400412012330219,2.186215354961253
CC1=C2C=C(C(=O)Nc3ccc4c(c3)nc(CN3CC=C(c5cccc(OCc6ccc(C#N)cc6F)n5)CC3)n4C[C@@H]3CCO3)C=C2C=C1,4,0.5303030303030303,18.5419535449373,5.332981071664213,1.5704893374085143
Cc1n[nH]c2c(F)cc(C(=O)Nc3ccc4c(c3)nc(CCN3CCC(c5cccc(OCc6ccc(Cl)cc6F)n5)CC3)n4CC3CCO3)cc12,4,0.5342696629213484,14.179140140891956,0.5537605717617424,2.1661035144254708
Fc1cc(Cl)ccc1COC1=NC(C2CCN(Cc3ccc4c(c3)nc(CN3CC=CC3)n4C[C@@H]3CCO3)CC2)=N1,4,0.4755661501787843,13.688784761998267,27.056606725051857,1.7311941720590855
Cc1n[nH]c2c(F)cc(C(=O)Nc3ccc4nc(CN5CCC(c6cccc(OCCc7ccc(Cl)cc7F)n6)CC5)n(C[C@@H]5CCO5)c4c3)cc12,4,0.5404494382022472,14.240162077721552,1.1101509923352786,4.957111233118643
Cc1n[nH]c2c(F)cc(C(=O)Nc3ccc4c(c3)nc3n4CCC(c4cccc(OCc5ccc(C#N)cc5)n4)CCN(C[C@@H]4CCO4)C3)cc12,4,0.5374647887323943,11.965817053650516,0.5636791828317342,2.2258260538804437
Cc1n[nH]c2c(C)cc(C(=O)Nc3ccc4c(c3)nc(CN3CCC(c5ccc(C#N)cc5F)CC3)n4C[C@@H]3CCO3)cc12,4,0.5107746068724519,14.600612043283858,0.4754306731827063,1.1616686802666911
Cc1n[nH]c2c(C)cc(C(=O)NC3=CC4=NC(C5=CC=C5)CCN(CC5CCO5)Cc5nc4c(n5C[C@@H]4CCO4)C=C3)cc12,4,0.5646551724137931,15.274416130157716,2.381089659485896,1.4944636407726566
Cc1n[nH]c2c(F)cc(C(=O)Nc3ccc4c(c3)nc(CN3C=CC(c5cccc(OCc6ccc(Cl)cc6)n5)CC3)n4C[C@@H]3CCO3)cc12,4,0.533555185801442,13.309172123101945,0.6438453277349773,2.9280750185208837
Cc1n[nH]c2c(C)cc(NC(=O)c3ccc4c(c3)nc(CN3C=CC(C5=NC(OCc6ccc(Cl)cc6)=N5)CC3)n4C[C@@H]3CCO3)cc12,4,0.5178571428571429,13.090791056196291,1.4071359868990652,2.0635579669250927
O=C(Nc1ccc2nc(CN3CC=C(c4cccc(OCc5ccc(Cl)cc5F)n4)CC3)n(C[C@@H]3CCO3)c2c1)C1=CC=C1,4,0.520892959358901,18.093994462789606,10.867779948247225,3.612779863871137
NS(=O)(=O)c1ccc(Cc2ccc(-c3ccc(-c4cccc(-c5cccc(-c6nc(C(=O)O)cs6)c5)c4)cc3CC3CC3)cc2F)cc1,4,0.39628482972136225,9.301337051472252,3.0399665237820472,1.3070575598521714
Cc1n[nH]c2c(C)cc(C(=O)Nc3ccc4nc(CN5CCC(c6cccc(OCCc7ccc(Cl)cc7F)n6)CC5)n(C[C@@H]5CCO5)c4c3)cc12,4,0.5387224420576597,14.22738781034782,1.4228450364881584,3.477600387316922
N#Cc1ccc(COc2cccc(C3=CCN(Cc4nc5cc(NC(=O)c6ccc7nc(CN8CC=C(c9cccc(OCc%10ccc(Cl)cc%10F)n9)CC8)n(C[C@@H]8CCO8)c7c6)ccc5n4C[C@@H]4CCO4)CC3)n2)c(F)c1,4,0.5272013460459899,17.82404793066849,13.104154199048093,3.44595291128391
Cc1n[nH]c2c(C)cc(C(=O)Nc3ccc4c(c3)nc3n4CCC(c4cccc(OCc5ccc(Cl)c(F)c5)n4)CCN(C[C@@H]4CCO4)C3)cc12,4,0.5425170068027211,12.46813350634568,0.9040181861830034,1.5487184489593853
NS(=O)(=O)c1ccc(Cc2nn(-c3nc(C(=O)O)cs3)c(-c3cccc(C4CC4)c3)c2Cc2ccc(S(N)(=O)=O)c(F)c2)cc1F,4,0.5041095890410959,10.332954405988255,0.5785043668098517,1.3503830008445061
Cc1n[nH]c2c(C)cc(C(=O)Nc3ccc4nc(CN(CCC5CCc6cccc(c6)COc6cccc5n6)C[C@@H]5CCO5)n(C[C@@H]5CCO5)c4c3)cc12,4,0.5411303861219922,12.741396826656096,1.211492263550085,5.553564922076646
Cc1n[nH]c2c(F)cc(C(=O)Nc3ccc4c(c3)nc(CN3CC=C(c5cccc(OCc6ccc(F)cc6)c5)CC3)n4C[C@@H]3CCO3)cc12,4,0.5328798185941043,15.870552507316766,0.49409299599221085,2.2421646480389827
Cc1n[nH]c2c(F)cc(C(=O)Nc3ccc4c(c3)nc(CN3CC=C(c5cccc(OCCc6ccc(Cl)cc6F)n5)CC3)n4C[C@@H]3CCO3)cc12,4,0.5471698113207547,18.33758653789127,0.4067071417424408,1.7301871949266368
O=C(O)c1csc(-n2nc(-c3cccc(-c4cccc(F)c4)c3)c(-c3ccc(C4CC4)c(F)c3)c2CC2CC2)n1,4,0.49694952856350527,11.570639141467014,2.220562650126256,1.4389636994447887
NS(=O)(=O)c1ccc(Cc2ccc(C3=CC=CC(c4cccc(-c5cccc(F)c5)c4)=NN3c3nc(C(=O)O)cs3)cc2F)cc1,4,0.4807056229327453,7.475095680294605,1.3514862022219898,1.2994964654422634
NS(=O)(=O)c1ccc(Cc2ccc(C3=CC=CC(c4cccc(-c5cccc(F)c5)c4)=NN3c3nc(C(=O)O)cs3)cc2)cc1,4,0.4649859943977591,7.516581299743456,1.3878552902742876,1.2994964654422634
Fc1cc(Cl)ccc1COc1cccc(C2=CCN(CCc3ccc4c(c3)nc(CN3CCC(c5cccc(OCc6ccc(Cl)cc6F)n5)CC3)n4C[C@@H]3CCO3)CC2)n1,2,0.5244755244755245,15.8001211175386,33.94969148533244,1.5538685780993489
Cc1cc(-c2ccc(S(N)(=O)=O)cc2Cc2cccc(-c3cccc(CCc4ccc(S(N)(=O)=O)cc4)c3)c2)ccc1F,2,0.2860980523841504,8.528851417038199,4.465940034715626,1.5079141323177885
Cc1n[nH]c2c(F)cc(C(=O)Nc3ccc4c(c3)C=CC=C3CN(CC5CCO5)CCC(c5cccc(OCCc6ccc(Cl)cc6F)n5)CCN34)cc12,2,0.535614133482894,14.196919638606923,1.3064029105876365,1.6230145399266167
Cc1n[nH]c2cc(C(=O)Nc3ccc4c(c3)nc(CN3CCC(c5cccc(OCc6ccc(Cl)cc6F)n5)CC3)n4C[C@@H]3CCO3)cc(F)c12,2,0.5376827896512936,14.595342898267578,1.5864604208665711,1.5835011873255271
Cc1n[nH]c2cc(C(=O)NC3=Cc4nc(CN5CC=C(c6ccc(C[C@@H]7CCO7)cc6)CC5)n(C[C@@H]5CCO5)c4CC3)cc(F)c12,2,0.5468144044321329,17.4675924200942,2.015622029384964,2.4196816878745726
Cc1n[nH]c2c(F)cc(C(=O)Nc3ccc4c(c3)nc(CN3CCC(Cl)(c5ccc(Cl)cc5)CC3)n4C[C@@H]3CCO3)cc12,2,0.5097365406643757,15.102126962026727,0.4591377970073446,2.5668740179429554
Cc1n[nH]c2c(C)cc(C(=O)Nc3ccc4c(c3)nc(CN3CCC(c5ccc(C[C@@H]6CCO6)cc5)CC3)n4C[C@@H]3CCO3)cc12,2,0.5047058823529412,13.17097352952933,0.5690289972780342,1.1333653958121075
Cc1n[nH]c2c(F)cc(C(=O)Nc3ccc4c(c3)cc(Cc3ccc(C5CCN(Cc6nc7cc(NC(=O)c8cc(F)c9[nH]nc(C)c9c8)ccc7n6C[C@@H]6CCO6)CC5)cc3)n4F)cc12,2,0.5279955207166853,13.344977005765582,0.6542507345560026,1.9506042986992567
Cc1cc(NC(=O)c2ccc3nc(CN4CC=C(c5cccc(OCc6ccc(Cl)cc6F)n5)CC4)n(C[C@@H]4CCO4)c3c2)cc2[nH]nc(C)c12,2,0.5412742382271468,18.982510768202285,3.4817335695034894,3.612779863871137
Cc1n[nH]c2c(C)cc(C(=O)Nc3ccc4c(c3)nc(CN3CC=C(c5cccc(C[C@@H]6CCO6)c5)CC3)n4C[C@@H]3CCO3)cc12,2,0.5175792507204611,18.46069477623478,0.49089823205096506,1.036149543415185
Cc1n[nH]c2c(C)cc(C(=O)Nc3ccc4c(c3)nc(CN3CC=C(c5cccc(Cc6nc7cc(C(=O)O)ccc7n6C[C@@H]6CCO6)c5)CC3)n4C[C@@H]3CCO3)cc12,2,0.5350532809871004,18.28867387108788,0.9337771081287761,1.1386487722087726
O=C(Nc1ccc2c(c1)nc(CN1CCC(c3cccc(OCc4ccc(Cl)cc4F)n3)CC1)n2C[C@@H]1CCO1)c1ccc(F)cc1,2,0.502050380785003,14.023736293072979,24.015829177329344,1.5835011873255271
Cc1n[nH]c2c(C)cc(C(=O)Nc3ccc4c(c3)nc(CN3CCC(c5cccc(-c6ccc(CC(=O)N[C@@H]7CCCCCCCCCCC(=O)N7)c(F)c6)n5)CC3)n4C[C@@H]3CCO3)cc12,2,0.5518005540166205,13.304409541484107,0.8524022796557581,0.2360319755486587
Cc1n[nH]c2c(F)cc(C(=O)Nc3ccc4c(c3)nc(CN3CC=C(c5cccc(-c6cccc(C(=O)O)c6)n5)CC3)n4C[C@@H]3CCO3)cc12,2,0.5455543358946213,18.353026353260034,0.9703424813523754,1.7301871949266368
Cc1n[nH]c2c(C)cc(C(=O)Nc3ccc4c(c3)nc(CN3CCC(c5cccc(-c6ccc(Cl)cc6F)n5)CC3)n4C[C@@H]3CCO3)cc12,2,0.5316384180790961,15.029944428620901,0.6586299108329225,1.055718474666855
Cc1n[nH]c2c(F)cc(C(=O)Nc3ccc4nc(CN5CC=C(c6ccc(C[C@@H]7CCO7)cc6)CC5)n(C[C@@H]5CCO5)c4c3)cc12,2,0.5236737022247575,16.519054678565446,0.8493027197594042,4.536898561667728
O=C(O)c1ccc2c(c1)nc(Cc1ccc(C3=CCN(Cc4nc5nc(C(=O)O)ccc5n4C[C@@H]4CCO4)CC3)cc1)n2C[C@@H]1CCO1,2,0.505982905982906,16.031864478929773,8.266293838882074,1.1602287041288448
Cc1cc(NC(=O)c2cc3nc(CN4CCC(c5cccc(OCc6ccc(Cl)cc6F)n5)CC4)n-3n(C[C@@H]3CCO3)c2)cc2[nH]nc(C)c12,2,0.5638934203371397,14.595342898267578,3.840790536814884,1.5835011873255271
Cc1n[nH]c2c(F)cc(C(=O)Nc3ccc4nc(CN5CCC(c6ccc(Cc7ccc(S(N)(=O)=O)c(F)c7)cc6)CC5)n(C[C@@H]5CCO5)c4c3)cc12,2,0.5148960089938167,12.934479807232888,0.397616525748729,4.273328541384746
Cc1n[nH]c2c(F)cc(C(=O)Nc3ccc4c(c3)nc(CN3CCC(c5cccc(OCc6ccc(C[C@@H]7CCO7)cc6)n5)CC3)n4C[C@@H]3CCO3)cc12,2,0.5382882882882883,12.230342628949343,0.52812056892891,2.2258260538804437
Cc1n[nH]c2c(F)cc(C(=O)Nc3ccc4c(c3)nc(CN3CCC(c5cccc(OCCc6cccc(Cl)c6)n5)CC3)n4C[C@@H]3CCO3)cc12,2,0.5335589396503102,11.463237217243707,0.5564674211158234,1.363432215716716
Cc1n[nH]c2cc(C(=O)Nc3ccc4c(c3)nc(CN3CCC(c5ccc(Cl)cc5)CC3)n4C[C@@H]3CCO3)cc(F)c12,2,0.5011600928074246,15.568292168963204,1.0051181153945443,1.279917314593058
Cc1n[nH]c2c(C)cc(C(=O)Nc3ccc4c(c3)nc(CN3CCC(c5cccc(OCCc6ccc(Cl)c(F)c6)n5)CC3)n4C[C@@H]3CCO3)cc12,2,0.5385925085130534,13.079577329158445,0.7386998141265273,1.0969446527785156
Cc1n[nH]c2c(F)cc(NC(=O)c3ccc4c(c3)nc(CN3CCC(c5cccc(Oc6ccc(Cl)cc6F)n5)CC3)n4C[C@@H]3CCO3)cc12,2,0.5388076490438695,15.225839063738553,1.1586945506047839,1.6686171653795545
O=C(O)c1ccc2c(c1)nc(CN1C=C(F)C(c3cccc(OCc4ccc(Cl)cc4)n3)CC1)n2C[C@@H]1CCO1,2,0.5037334865020103,13.386838682600137,8.832610046373421,2.13656669665397
O=C(O)c1csc(-c2cccc(-c3ccc(-c4ccc(-c5ccc(F)c(-c6ccc(C7CC7)c(F)c6)c5)c(F)c4)cc3)n2)n1,2,0.3878562577447336,10.90659229173328,29.619408976776743,1.3484705862245303
O=CCCCCCCCCCCCCCCCCCCCCCCCCCCCCCCCCCCCCCCCCCCCCCCCCCCCCCCCCCCCCCCCCCCCCCCCCCCCCCCCCCCCCCCCCCCCCCCCCCCCCCCCCCCCCCCCCCCCCCCCCCCC(=O)O,2,0.04411764705882353,5.568558861947836,25.59258923735075,1.2793578556925773
Cc1n[nH]c2c(F)cc(C(=O)Nc3ccc4c(c3)nc(CN3CCC(c5cccc(OCc6ccccc6)n5)CC3)n4C[C@@H]3CCO3)cc12,2,0.5329920364050057,13.633501105716,0.7370147349279597,2.2258260538804437
Cc1n[nH]c2ccc(C(=O)Nc3ccc4c(c3)nc(CN3CCC(c5cccc(OCc6ccc(Cl)cc6F)c5)CC3)n4C[C@@H]3CCO3)cc12,2,0.5186480186480187,15.206275921263657,1.6344968545057055,1.7103441547885978
Cc1n[nH]c2c(F)cc(C(=O)Nc3ccc4nc(CN(CCC5CCc6ccc(cc6)COc6cccc5n6)C[C@@H]5CCO5)n(C[C@@H]5CCO5)c4c3)cc12,2,0.5437325905292479,12.908132023519567,1.2130490600484443,7.003193304818923
Cc1n[nH]c2c(C)cc(NC(=O)c3ccc4c(c3)nc(CN3CC=C(c5cccc(OCc6ccc(Cl)cc6F)n5)CC3)n4C[C@@H]3CCO3)cc12,2,0.5514541387024608,18.617869194581438,1.120052045972914,1.4680596622660433
Cc1n[nH]c2c(C)cc(C(=O)Nc3ccc4c(c3)nc(CCN3CCC(c5cccc(OCc6ccc(Cl)cc6F)n5)CC3)n4C[C@@H]3CCO3)cc12,2,0.5352272727272728,14.16642061380364,0.7382713654425676,1.516523212107367
Cc1n[nH]c2c(C)cc(C(=O)Nc3ccc4c(c3)nc(CN3CCC(c5ccc(Cl)cc5)CC3)n4C[C@@H]3CCO3)cc12,2,0.4997043169722058,14.816524226299663,0.5896383238385202,1.2361811946569112
Cc1n[nH]c2c(C)cc(C(=O)Nc3ccc4c(c3)nc(CN3CC=C(c5nccc(OCc6ccc(Cl)cc6)n5)CC3)n4C[C@@H]3CCO3)cc12,2,0.5237556561085973,15.696478979174827,0.5556589366056051,1.524101051296482
Cc1n[nH]c2c(C)cc(C(=O)NC3=Cc4c(nc(CN5CC=C(c6cccc(OCc7ccc(Cl)cc7F)n6)CC5)n4C[C@@H]4CCO4)CC3)cc12,2,0.5606060606060606,18.370406039457745,2.533245511117134,4.695139422964469
Cc1n[nH]c2c(C)cc(C(=O)NC3=CC4=NC(C5CCN(Cc6nc7cc(NC(=O)c8cc(C)c9[nH]nc(C)c9c8)ccc7n6C[C@@H]6CCO6)CC5)=NC4=C3)cc12,2,0.5521811154058531,14.548951276683814,0.6265109841049576,1.5655410716306501
Cc1n[nH]c2c(C)cc(C(=O)Nc3ccc4nc(CN5CCC(c6cccc(-c7ccc(C[C@@H]8CCO8)cc7)n6)CC5)n(C[C@@H]5CCO5)c4c3)cc12,2,0.5342388228636107,12.651072019150662,1.0449392545322052,3.236198724956221
Cc1n[nH]c2cc(C(=O)Nc3ccc4c(c3)nc(CN3CCC(c5cccc(OCc6ccc(Cl)cc6)n5)CC3)n4C[C@@H]3CCO3)cc(F)c12,2,0.5317460317460317,12.801762374414128,1.132059665611658,1.7587106990383083
Cc1n[nH]c2c(C)cc(C(=O)Nc3ccc4c(c3)nc(CN3CCC(c5cnc6ccc(NC(=O)c7cc(F)c8[nH]nc(C)c8c7)cc6n5)CC3)n4C[C@@H]3CCO3)cc12,2,0.5250855188141391,11.227705488349251,0.5954696979968762,1.6594819858967007
O=C(O)c1csc(-n2nc(C3=CC4(C#Cc5cccc(c5)C(F)=CC=C3)CCCC4)c(-c3cccc(C4CCC4)c3)c2CC2CC2)n1,2,0.5189131592967501,12.034953098987128,4.472663468747796,1.4699608631869165
Cc1n[nH]c2c(F)cc(C(=O)Nc3ccc4nc(CN(CCC5CCc6ccc(cc6)-c6cccc5n6)C[C@@H]5CCO5)n(C[C@@H]5CCO5)c4c3)cc12,2,0.5339966832504146,13.043104669038293,1.024631698099957,7.003193304818923
NS(=O)(=O)c1ccc(Cc2c(-c3ccccc3)nn(-c3nc(C(=O)O)cs3)c2-c2ccc(CC3CC3)c(F)c2)cc1F,2,0.5005555555555555,10.012230645677255,0.3441117945020116,1.2515916555337125
O=C(O)c1csc(-n2nc(-c3ccc(F)c(-c4ccc(F)c(C#CC5(C(=O)O)CCOCC5)c4)c3)c(CC3CC3)c2-c2ccc(F)c(C3CC3)c2)n1,2,0.5142387732749178,11.489319182942593,4.770872147780761,1.3933317192581862
O=C(O)c1csc(-n2cc(CC3CC3)c(-c3ccc(F)c(C#CC4CCCC4)c3)c2-c2ccc(F)c(C3CC3)c2)n1,2,0.49031543995572774,12.01369162453936,5.476347192719071,0.2825562106056675
CCCCCCCCCCCCCCCCCCCCCCCCCCCCCCCCCCCCCCCCCCCCCCCCCCCCCCCCCCCCCCCCCCCCCCCCCCCCCCCCCCCCCCCCCCCCCCCCCCCCCCCCCCCCCCCCCCCCCCCCCCCCCCCCCC=O,2,0.02287581699346405,4.493067921197103,21.108624842136177,1.259385202231588
CCCCCCCCCCCCCCCCCCCCCCCCCCCCCCCCCCCCCCCCCCCCCCCCCCCCCCCCCCCCCCCCCCCCCCCCCCCCCCCCCCCCCCCCCCCCCCCCCCCCCCCCCCCCCCCCCCCCCCCCCC=O,2,0.02287581699346405,4.493067921197103,21.108624842136177,1.259385202231588
Cc1n[nH]c2ccc(C(=O)Nc3ccc4c(c3)nc(CN3CCC(c5cccc(OCc6ccc(Cl)cc6)n5)CC3)n4C[C@@H]3CCO3)cc12,2,0.5226744186046511,12.352023147598201,1.1914549317861933,1.6627180718664516
Cc1n[nH]c2c(F)cc(NC(=O)c3ccc(C4=CCN(Cc5nc6cc(NC(=O)c7cc(F)c8[nH]nc(C)c8c7)ccc6n5C[C@@H]5CCO5)CC4)cc3)cc12,2,0.5201590005678591,18.123620261880774,0.4362531210476628,1.7301871949266368
NS(=O)(=O)c1ccc(Cc2c(-c3ccccc3)nn(-c3nc(C(=O)O)cs3)c2-c2ccc(F)c(C3CC3)c2)cc1F,2,0.4919845218352681,10.147935402274287,0.20470149234922017,1.3503830008445061
Cc1n[nH]c2c(C)cc(C(=O)Nc3ccc4c(c3)nc(CN3CCC(c5ccc(C(=O)Nc6cc(F)c7[nH]nc(C)c7c6)c(F)c5)CC3)n4C[C@@H]3CCO3)cc12,2,0.5195911413969335,14.944487348740015,0.5345233891109166,1.8484984506376119
Cc1n[nH]c2c(C)cc(C(=O)Nc3ccc4c(c3)nc(CN3CCC(c5cccc(C(=O)O)c5)CC3)n4C[C@@H]3CCO3)cc12,2,0.5111896348645465,14.653558959378065,0.9598623292089978,1.1762906909268975
Cc1n[nH]c2ccc(C(=O)Nc3ccc4c(c3)nc(CN3CCC(c5cccc(OCc6ccc(C#N)cc6)n5)CC3)n4C[C@@H]3CCO3)cc12,2,0.5238649592549476,11.884340916318047,0.8663319869518119,1.5023380858571032
O=C(O)c1csc(-c2ccc(-c3cccc(-c4cccc(C5=CC6(C#Cc7cccc(c7)C(F)=CC=C5)CCCC6)n4)n3)cc2)n1,2,0.47103569338794615,9.289919215707275,84.03590463858495,1.2227203542859484
NS(=O)(=O)c1ccc(Cc2c(-c3cccc(C4CC4)c3)nn(-c3nc(C(=O)O)cs3)c2-c2ccc(F)c(C3CC3)c2)cc1F,2,0.4919845218352681,10.288832522010585,0.31371931541720716,1.3503830008445061
Cc1cc(C(=O)Nc2ccc3c(c2)nc(CN2CCC(c4cccc(OCc5ccc(Cl)cc5)n4)CC2)n3C[C@@H]2CCO2)cc2c(F)n[nH]c12,2,0.534963047185901,12.542927316581238,2.0397728902792456,1.6450528521145957
O=C1NC2=CC(=CC=Cc3n[nH]c4c(F)cc1cc34)N=C(CN1CC=C(c3cccc(OCc4ccc(Cl)cc4)n3)CC1)N2C[C@@H]1CCO1,2,0.5364923747276689,17.02161333118061,5.173735896109188,4.664150791615245
Cc1n[nH]c2c(F)cc(C(=O)Nc3ccc4c(c3)nc(CN3CC=C(c5cccc(OCc6ccc(C[C@@H]7CCO7)cc6)n5)CC3)n4C[C@@H]3CCO3)cc12,2,0.5457063711911357,15.86188000894057,0.4006785646070128,2.2421646480389827
NS(=O)(=O)c1ccc(Cc2ccc(-c3nn(-c4nc(C(=O)O)cs4)nc3-c3cccc(-c4cccc(C5CC5)c4)n3)cc2)cc1F,2,0.47163323782234956,10.470687255170835,0.23968666362567193,1.3503830008445061
CCCCCCCCCCCCCCCCCCCCCCCCCCCCCCCCCCCCCCCCCCCCCCCCCCCCCCCCCCCCCCCCCCCCCCCCCCCCCCCCCCCCCCCCCCCCCCCCCCCCCCCCCCCCCCCCCCCCCCCCCCCCCCCCCCCCCCCCCCCCCCCCCCCCCCCCCCCCCCCCCCCCCCCCCCCCCCCCCCCCCCCCCCC=O,2,0.02287581699346405,4.493067921197103,21.108624842136177,1.259385202231588
NS(=O)(=O)c1ccc(CC2=C(c3cccc(-c4ccc(F)c(F)c4)n3)C=C2c2ccc(F)c(C3CC3)c2)cc1F,2,0.4528964306612054,10.032946244237754,0.8099495036669114,1.2728620710112355
NS(=O)(=O)c1ccc(Cc2ccc(C3=CC=CC(c4cccc(-c5cccc(F)c5)c4)=NN3c3nc(C(=O)O)cs3)cc2F)cc1F,2,0.48987411056376573,7.1681930685037525,0.405502696311736,1.1319408950986196
NS(=O)(=O)c1ccc(CC2=C(c3cc(-c4ccc(F)c(F)c4)ccc3F)C=C2c2ccc(F)c(C#CC3CC3)c2)cc1F,2,0.42013261000602775,9.966489943494993,0.978975773601465,1.1797420033625448
Cc1n[nH]c2c(C)cc(C(=O)Nc3ccc4nc(CN5CC=C(c6cccc(OCc7ccc(Cl)cc7)n6)CC5)n(C[C@@H]5CCO5)c4c3)cc12,2,0.5442253521126761,16.048652336417554,1.0885809501258146,3.726439636507561
O=C(O)c1csc(-n2nc(CC3CC3)c(-c3cccc(-c4cccc(F)c4)c3)c2-c2ccc(F)c(C3CC3)c2)n1,2,0.49032614704256494,11.601582055979575,4.279621975557644,1.4389636994447887
NS(=O)(=O)c1ccc(Cc2c(-c3ccc(-c4cccc(-c5cccc(-c6cccc(F)c6)c5)c4)cc3)nn(-c3nc(C(=O)O)cs3)c2CC2CC2)cc1F,2,0.5019094380796508,10.273122170627573,0.19598574127134866,1.269444697670331
Cc1n[nH]c2c(F)cc(C(=O)Nc3ccc4c(c3)nc(CN3C=CC(c5cccc(OCc6ccc(Cl)cc6F)c5)CC3)n4C[C@@H]3CCO3)cc12,2,0.5262569832402234,15.196166081218857,0.667493698626034,2.6363689439891442
NS(=O)(=O)c1ccc(Cc2ccc(C3=C(c4cccc(-c5ccc(F)c(C6CC6)c5)c4)C(c4ccc(S(N)(=O)=O)c(F)c4)=C3)cc2F)cc1F,2,0.40208078335373315,9.879887923968642,0.9426759891427838,1.7630433970786632
Cc1n[nH]c2c(C)cc(C(=O)Nc3ccc4nc(CN5CCC(c6cccc(OCc7ccc(Cl)cc7)n6)CC5)n(C[C@@H]5CCO5)c4c3)cc12,2,0.5349369988545246,12.220695752659566,1.2245776998994118,4.138091622488765
Cc1n[nH]c2c(F)cc(C(=O)Nc3ccc4c(c3)cc(CN3CCC(c5cccc(OCc6ccc(-c7ccc(Cl)cc7F)cc6)n5)CC3)n4C[C@@H]3CCO3)cc12,2,0.5387662705149971,12.814103838387103,1.103413037322859,2.115602093688301
Cc1n[nH]c2ccc(C(=O)Nc3ccc4c(c3)nc3n4CC=C(c4cccc(OCCc5ccc(Cl)cc5F)n4)CCN(C[C@@H]4CCO4)C3)cc12,2,0.5377197958026092,18.64600852712663,1.7056576455759498,1.0688297589007254
Cc1n[nH]c2c(F)cc(C(=O)Nc3ccc4c(c3)nc(CN3CCC(C5CC=C(c6cccc(OCc7ccc(Cl)cc7F)n6)CC5)CC3)n4C[C@@H]3CCO3)cc12,2,0.545755237045204,18.241979016198126,0.45330429755490464,2.198959460491077
O=C(O)c1csc(-n2nc(-c3ccc(-c4cccc(-c5cccc(F)c5)c4)cc3)c(-c3ccc(CC4CC4)c(F)c3)n2)n1,2,0.40586034912718205,11.83706913817544,3.7570317606901735,1.3336919656976636
Cc1n[nH]c2c(F)cc(C(=O)Nc3ccc4c(c3)nc(CN3CC=C(c5cccc(OCc6cc(Cl)ccc6F)n5)CC3)n4C[C@@H]3CCO3)cc12,2,0.5504994450610433,17.27235582251923,0.4313149626025547,1.4369448037834938
CCCCCCCCCCCCCCCCC(=O)N[C@@H](CCC(=O)N[C@@H](CCC(=O)N[C@@H](CCC(N[C@@H](CCC(=O)N[C@@H](CCC(=O)N[C@H](NC(=O)C(CCCCCCCCCCCCCCCC)CCC1CC1)C(=O)O)C(=O)O)C(=O)O)C(=O)O)C(=O)O)C(=O)O)C(=O)O,2,0.34668721109399075,1.649967958584506,9.539310514721041,0.11646833860080431
Cc1n[nH]c2c(F)cc(C(=O)Nc3ccc4c(c3)nc(CN3CCC(c5cccc(OCc6cccc(Cl)c6)n5)CC3)n4C[C@@H]3CCO3)cc12,2,0.5376770538243626,10.94240506712463,0.5558404798186563,1.7668836776977221
Cc1cc2cc3c(n[nH]c13)C=CC=C1C=C(NC2=O)N(C[C@@H]2CCO2)C(CN2CCC(c3ccc(Cl)cc3F)CC2)=N1,2,0.5161290322580645,16.66812891392989,4.272074864164838,3.07017488879561
Cc1n[nH]c2ccc(C(=O)Nc3ccc4c(c3)nc(CN3CCC(c5cccc(OCc6ccc(Cl)cc6F)n5)CC3)n4C[C@@H]3CCO3)cc12,2,0.5304597701149425,14.362270613297419,1.7408731810809934,1.5500381468929323
NS(=O)(=O)c1ccc(Cc2ccc(C3=CC=CC(c4cccc(F)c4-c4ccc(F)c(C5CCCC5)c4)=NN3c3nc(C(=O)O)cs3)cc2)cc1,2,0.5054054054054054,7.6676472833323075,0.6689443880593937,0.30549792346775706
CCCCCCCCCCCCCCCC(=O)N[C@@H](CCC(=O)N[C@@H](CCC(NCCCCCCCCCCCCCCCCCCCCCCCCCCCCCCCCCCCCCCCCCCCCCCCCCCCCCCCCCCCCCCCCCCCCCCCCCCCCCCCCCCCCCCCCCCCCCC=O)C(=O)O)C(=O)O)C(=O)O,2,0.24735557363710334,1.4023112449755517,8.278290175523725,0.1027206723474831
Cc1n[nH]c2c(F)cc(C(=O)Nc3ccc4c(c3)nc(CN3CCC(c5ccc(Cl)cc5)CC3)n4C[C@@H]3CCO3)cc12,2,0.5034883720930232,15.102126962026727,0.5258921479997475,1.985090517185302
Cc1n[nH]c2c(F)cc(C(=O)Nc3ccc4c(c3)nc3n4CCC(c4cccc(OCCc5ccc(Cl)cc5F)n4)=CCN(C[C@@H]4CCO4)C3)cc12,2,0.5432030820033021,18.33758653789127,0.5766826306887521,1.7110028047586596
Cc1n[nH]c2ccc(NC(=O)c3ccc4c(c3)nc(CN3C=C(F)C(c5cccc(OCc6ccc(Cl)cc6)n5)=CC3)n4C[C@@H]3CCO3)cc12,2,0.5363436123348018,11.991771378324701,1.5801398663832729,2.1108344863428647
Cc1n[nH]c2c(F)cc(C(=O)Nc3ccc4c(c3)nc3n4CC=C(c4cccc(OCc5ccc(Cl)cc5)n4)CCN(Cc4ccc(Cl)cc4F)C3)cc12,2,0.5327777777777778,13.890342138011219,6.754639235851198,2.4072677115319796
Cc1n[nH]c2c(C)cc(C(=O)Nc3ccc4nc(CN(CCC5=CCc6ccc(cc6)COc6cccc5n6)C[C@@H]5CCO5)n(C[C@@H]5CCO5)c4c3)cc12,2,0.5459098497495827,10.315201265879722,1.2850718132002283,5.359541293275046
NS(=O)(=O)c1ccc(Cc2c(-c3cccc(-c4ccc(C#CC5CC5)c(F)c4)n3)nn(-c3nc(C(=O)O)cs3)c2CC2CC2)cc1F,2,0.5286993154291733,10.20955286997346,0.1984146052069951,1.2515916555337125
Cc1n[nH]c2ccc(C(=O)Nc3ccc4c(c3)nc3n4CC=C(c4cccc(OCc5ccc(Cl)cc5F)n4)CCN(C[C@@H]4CCO4)C3)cc12,2,0.5372881355932203,18.62265721751578,1.7198993565966652,1.5192871929949807
Cc1n[nH]c2ccc(C(=O)Nc3ccc4c(c3)nc(CN3CC=C(c5cccc(OCc6ccc(-c7ccc(Cl)cc7F)cc6)n5)CC3)n4C[C@@H]3CCO3)cc12,2,0.5440269209197981,16.829840241421337,1.253169050591346,1.536321997500598
NS(=O)(=O)c1ccc(Cc2c(-c3ccc(-c4cccc(-c5cccc(F)c5)c4)cc3F)nn(-c3nc(C(=O)O)cs3)c2CC2CC2)cc1F,2,0.5132360886007563,10.474899871288194,0.12194147312804933,1.2065811951166598
NS(=O)(=O)c1ccc(CCc2c(-c3ccc(F)c(C#CC4CCCC4)c3)c(CC3CC3)nn2-c2nc(C(=O)O)cs2)cc1F,2,0.49061810154525387,8.614888689785593,0.6321237298618132,0.3666774486775752
NS(=O)(=O)c1ccc(-c2ccc(Cc3c(-c4ccc(F)c(C#CC5CCCC5)c4)nn(-c4nc(C(=O)O)cs4)c3CC3CC3)cc2)cc1,2,0.508695652173913,9.01545814241133,0.5103078308459236,0.32758646530784347
Cc1cc2cc3c(n[nH]c13)C=CC=C1C=C(C=CC(CN(CC=C3C=Cc4ccc(cc4)COc4cccc3n4)C[C@@H]3CCO3)=N1)NC2=O,2,0.5119182746878547,8.730516093095584,3.96034740048505,5.599698671081085
Cc1n[nH]c2c(C)cc(C(=O)Nc3ccc4c(c3)nc3n4CC=C(c4cccc(OCCc5ccc(Cl)cc5F)n4)CCN(Cc4ccc(Cl)cc4F)C3)cc12,2,0.5347144456886898,16.425466939402025,2.5314043395353454,1.1717106667616934
